{
	"partitions" : [
		{
			"name" : "Top",
			"pins" : [
				{
					"name" : "trig",
					"strict" : false
				},
				{
					"name" : "op",
					"strict" : false
				},
				{
					"name" : "distance_out[0]",
					"strict" : false
				},
				{
					"name" : "distance_out[1]",
					"strict" : false
				},
				{
					"name" : "distance_out[2]",
					"strict" : false
				},
				{
					"name" : "distance_out[3]",
					"strict" : false
				},
				{
					"name" : "distance_out[4]",
					"strict" : false
				},
				{
					"name" : "distance_out[5]",
					"strict" : false
				},
				{
					"name" : "distance_out[6]",
					"strict" : false
				},
				{
					"name" : "distance_out[7]",
					"strict" : false
				},
				{
					"name" : "distance_out[8]",
					"strict" : false
				},
				{
					"name" : "distance_out[9]",
					"strict" : false
				},
				{
					"name" : "distance_out[10]",
					"strict" : false
				},
				{
					"name" : "distance_out[11]",
					"strict" : false
				},
				{
					"name" : "distance_out[12]",
					"strict" : false
				},
				{
					"name" : "clk_50M",
					"strict" : false
				},
				{
					"name" : "reset",
					"strict" : false
				},
				{
					"name" : "echo_rx",
					"strict" : false
				}
			]
		}
	]
}